"OverallQual";"Electrical";"SalePrice";"LotArea";"Street";"ExterCond"
7;"SBrkr";208500;;;
6;"SBrkr";181500;;;
7;"SBrkr";223500;;;
7;"SBrkr";140000;;;
8;"SBrkr";250000;;;
5;"SBrkr";143000;;;
8;"SBrkr";307000;;;
7;"SBrkr";200000;;;
7;"FuseF";129900;;;
5;"SBrkr";118000;;;
5;"SBrkr";129500;;;
9;"SBrkr";345000;;;
5;"SBrkr";144000;;;
7;"SBrkr";279500;;;
6;"SBrkr";157000;;;
7;"FuseA";132000;;;
6;"SBrkr";149000;;;
4;"SBrkr";90000;;;
5;"SBrkr";159000;;;
5;"SBrkr";139000;;;
8;"SBrkr";325300;;;
7;"FuseF";139400;;;
8;"SBrkr";230000;;;
5;"SBrkr";129900;;;
5;"SBrkr";154000;;;
8;"SBrkr";256300;;;
5;"SBrkr";134800;;;
8;"SBrkr";306000;;;
5;"SBrkr";207500;;;
4;"SBrkr";68500;;;
4;"SBrkr";40000;;;
5;"SBrkr";149350;;;
8;"SBrkr";179900;;;
5;"SBrkr";165500;;;
9;"SBrkr";277500;;;
8;"SBrkr";309000;;;
5;"SBrkr";145000;;;
5;"SBrkr";153000;;;
5;"SBrkr";109000;;;
4;"FuseP";82000;;;
6;"SBrkr";160000;;;
5;"SBrkr";170000;;;
5;"SBrkr";144000;;;
5;"SBrkr";130250;;;
5;"FuseA";141000;;;
9;"SBrkr";319900;;;
7;"SBrkr";239686;;;
8;"SBrkr";249700;;;
4;"SBrkr";113000;;;
5;"SBrkr";127000;;;
6;"SBrkr";177000;;;
6;"SBrkr";114500;;;
5;"SBrkr";110000;;;
9;"SBrkr";385000;;;
5;"SBrkr";130000;;;
6;"SBrkr";180500;;;
8;"SBrkr";172500;;;
7;"SBrkr";196500;;;
10;"SBrkr";438780;;;
5;"SBrkr";124900;;;
6;"SBrkr";158000;;;
5;"SBrkr";101000;;;
8;"SBrkr";202500;;;
7;"SBrkr";140000;;;
7;"SBrkr";219500;;;
8;"SBrkr";317000;;;
7;"SBrkr";180000;;;
7;"SBrkr";226000;;;
4;"SBrkr";80000;;;
7;"SBrkr";225000;;;
7;"SBrkr";244000;;;
4;"SBrkr";129500;;;
7;"SBrkr";185000;;;
5;"SBrkr";144900;;;
3;"SBrkr";107400;;;
4;"SBrkr";91000;;;
4;"FuseA";135750;;;
5;"SBrkr";127000;;;
4;"SBrkr";136500;;;
5;"SBrkr";110000;;;
6;"SBrkr";193500;;;
6;"SBrkr";153500;;;
8;"SBrkr";245000;;;
5;"SBrkr";126500;;;
7;"SBrkr";168500;;;
8;"SBrkr";260000;;;
6;"SBrkr";174000;;;
6;"SBrkr";164500;;;
3;"SBrkr";85000;;;
4;"SBrkr";123600;;;
4;"FuseA";109900;;;
5;"SBrkr";98600;;;
5;"SBrkr";163500;;;
6;"SBrkr";133900;;;
6;"SBrkr";204750;;;
6;"SBrkr";185000;;;
7;"SBrkr";214000;;;
4;"FuseF";94750;;;
5;"SBrkr";83000;;;
4;"SBrkr";128950;;;
6;"SBrkr";205000;;;
6;"SBrkr";178000;;;
5;"SBrkr";118964;;;
7;"SBrkr";198900;;;
7;"FuseF";169500;;;
8;"SBrkr";250000;;;
4;"SBrkr";100000;;;
5;"SBrkr";115000;;;
5;"FuseF";115000;;;
6;"SBrkr";190000;;;
6;"SBrkr";136900;;;
7;"SBrkr";180000;;;
7;"SBrkr";383970;;;
6;"SBrkr";217000;;;
6;"SBrkr";259500;;;
6;"SBrkr";176000;;;
5;"SBrkr";139000;;;
5;"SBrkr";155000;;;
7;"SBrkr";320000;;;
6;"SBrkr";163990;;;
6;"SBrkr";180000;;;
4;"SBrkr";100000;;;
6;"SBrkr";136000;;;
6;"SBrkr";153900;;;
6;"SBrkr";181000;;;
6;"SBrkr";84500;;;
6;"SBrkr";128000;;;
5;"SBrkr";87000;;;
6;"SBrkr";155000;;;
5;"FuseA";150000;;;
7;"SBrkr";226000;;;
6;"SBrkr";244000;;;
5;"SBrkr";150750;;;
8;"SBrkr";220000;;;
5;"SBrkr";180000;;;
7;"SBrkr";174000;;;
5;"SBrkr";143000;;;
7;"SBrkr";171000;;;
8;"SBrkr";230000;;;
6;"SBrkr";231500;;;
4;"SBrkr";115000;;;
7;"SBrkr";260000;;;
5;"SBrkr";166000;;;
7;"SBrkr";204000;;;
5;"SBrkr";125000;;;
6;"SBrkr";130000;;;
5;"FuseA";105000;;;
7;"SBrkr";222500;;;
7;"SBrkr";141000;;;
5;"FuseA";115000;;;
5;"SBrkr";122000;;;
8;"SBrkr";372402;;;
6;"SBrkr";190000;;;
6;"SBrkr";235000;;;
6;"FuseA";125000;;;
6;"FuseF";79000;;;
5;"FuseF";109500;;;
8;"SBrkr";269500;;;
7;"SBrkr";254900;;;
7;"SBrkr";320000;;;
6;"SBrkr";162500;;;
9;"SBrkr";412500;;;
7;"SBrkr";220000;;;
4;"SBrkr";103200;;;
6;"FuseA";152000;;;
5;"SBrkr";127500;;;
5;"FuseA";190000;;;
8;"SBrkr";325624;;;
7;"SBrkr";183500;;;
8;"SBrkr";228000;;;
5;"SBrkr";128500;;;
6;"SBrkr";215000;;;
7;"SBrkr";239000;;;
6;"SBrkr";163000;;;
6;"SBrkr";184000;;;
6;"SBrkr";243000;;;
6;"SBrkr";211000;;;
5;"SBrkr";172500;;;
9;"SBrkr";501837;;;
5;"SBrkr";100000;;;
6;"SBrkr";177000;;;
7;"SBrkr";200100;;;
5;"SBrkr";120000;;;
7;"SBrkr";200000;;;
5;"SBrkr";127000;;;
10;"SBrkr";475000;;;
7;"SBrkr";173000;;;
5;"SBrkr";135000;;;
5;"SBrkr";153337;;;
8;"SBrkr";286000;;;
8;"SBrkr";315000;;;
7;"SBrkr";184000;;;
7;"SBrkr";192000;;;
7;"SBrkr";130000;;;
5;"SBrkr";127000;;;
6;"SBrkr";148500;;;
7;"SBrkr";311872;;;
8;"SBrkr";235000;;;
6;"SBrkr";104000;;;
8;"SBrkr";274900;;;
4;"SBrkr";140000;;;
6;"SBrkr";171500;;;
6;"SBrkr";112000;;;
6;"SBrkr";149000;;;
5;"SBrkr";110000;;;
7;"SBrkr";180500;;;
5;"SBrkr";143900;;;
4;"SBrkr";141000;;;
7;"SBrkr";277000;;;
6;"SBrkr";145000;;;
5;"FuseA";98000;;;
6;"SBrkr";186000;;;
7;"SBrkr";252678;;;
5;"SBrkr";156000;;;
6;"SBrkr";161750;;;
5;"SBrkr";134450;;;
7;"SBrkr";210000;;;
4;"SBrkr";107000;;;
7;"SBrkr";311500;;;
7;"SBrkr";167240;;;
7;"SBrkr";204900;;;
6;"SBrkr";200000;;;
6;"SBrkr";179900;;;
4;"SBrkr";97000;;;
10;"SBrkr";386250;;;
5;"SBrkr";112000;;;
7;"SBrkr";290000;;;
6;"SBrkr";106000;;;
5;"SBrkr";125000;;;
7;"SBrkr";192500;;;
6;"SBrkr";148000;;;
8;"SBrkr";403000;;;
6;"SBrkr";94500;;;
5;"SBrkr";128200;;;
6;"SBrkr";216500;;;
6;"SBrkr";89500;;;
7;"SBrkr";185500;;;
7;"SBrkr";194500;;;
8;"SBrkr";318000;;;
6;"FuseA";113000;;;
8;"SBrkr";262500;;;
5;"SBrkr";110500;;;
5;"FuseA";79000;;;
6;"SBrkr";120000;;;
7;"SBrkr";205000;;;
7;"SBrkr";241500;;;
6;"FuseP";137000;;;
6;"SBrkr";140000;;;
7;"SBrkr";180000;;;
6;"SBrkr";277000;;;
3;"SBrkr";76500;;;
8;"SBrkr";235000;;;
6;"SBrkr";173000;;;
6;"SBrkr";158000;;;
5;"SBrkr";145000;;;
7;"SBrkr";230000;;;
6;"SBrkr";207500;;;
7;"SBrkr";220000;;;
7;"SBrkr";231500;;;
5;"FuseA";97000;;;
6;"SBrkr";176000;;;
8;"SBrkr";276000;;;
6;"SBrkr";151000;;;
5;"SBrkr";130000;;;
5;"FuseP";73000;;;
6;"SBrkr";175500;;;
6;"SBrkr";185000;;;
5;"SBrkr";179500;;;
5;"SBrkr";120500;;;
6;"SBrkr";148000;;;
8;"SBrkr";266000;;;
7;"SBrkr";241500;;;
8;"SBrkr";290000;;;
6;"SBrkr";139000;;;
5;"SBrkr";124500;;;
7;"SBrkr";205000;;;
7;"SBrkr";201000;;;
4;"SBrkr";141000;;;
9;"SBrkr";415298;;;
7;"SBrkr";192000;;;
7;"SBrkr";228500;;;
6;"SBrkr";185000;;;
7;"SBrkr";207500;;;
8;"SBrkr";244600;;;
6;"SBrkr";179200;;;
7;"SBrkr";164700;;;
6;"SBrkr";159000;;;
4;"SBrkr";88000;;;
5;"SBrkr";122000;;;
6;"FuseA";153575;;;
8;"SBrkr";233230;;;
5;"SBrkr";135900;;;
5;"SBrkr";131000;;;
7;"SBrkr";235000;;;
6;"SBrkr";167000;;;
6;"SBrkr";142500;;;
5;"FuseA";152000;;;
7;"SBrkr";239000;;;
6;"SBrkr";175000;;;
6;"SBrkr";158500;;;
5;"SBrkr";157000;;;
8;"SBrkr";267000;;;
7;"SBrkr";205000;;;
5;"SBrkr";149900;;;
7;"SBrkr";295000;;;
8;"SBrkr";305900;;;
7;"SBrkr";225000;;;
6;"FuseA";89500;;;
4;"SBrkr";82500;;;
9;"SBrkr";360000;;;
6;"SBrkr";165600;;;
6;"SBrkr";132000;;;
5;"SBrkr";119900;;;
7;"SBrkr";375000;;;
7;"SBrkr";178000;;;
7;"SBrkr";188500;;;
7;"SBrkr";260000;;;
8;"SBrkr";270000;;;
7;"SBrkr";260000;;;
7;"SBrkr";187500;;;
9;"SBrkr";342643;;;
8;"SBrkr";354000;;;
7;"SBrkr";301000;;;
3;"SBrkr";126175;;;
7;"SBrkr";242000;;;
5;"FuseF";87000;;;
8;"SBrkr";324000;;;
6;"SBrkr";145250;;;
6;"FuseA";214500;;;
5;"SBrkr";78000;;;
5;"SBrkr";119000;;;
5;"SBrkr";139000;;;
8;"SBrkr";284000;;;
7;"SBrkr";207000;;;
6;"SBrkr";192000;;;
5;"SBrkr";228950;;;
9;"SBrkr";377426;;;
7;"SBrkr";214000;;;
7;"SBrkr";202500;;;
6;"FuseA";155000;;;
8;"SBrkr";202900;;;
4;"SBrkr";82000;;;
3;"FuseA";87500;;;
9;"SBrkr";266000;;;
5;"SBrkr";85000;;;
6;"SBrkr";140200;;;
6;"SBrkr";151500;;;
6;"FuseA";157500;;;
7;"SBrkr";154000;;;
9;"SBrkr";437154;;;
9;"SBrkr";318061;;;
7;"SBrkr";190000;;;
5;"SBrkr";95000;;;
6;"SBrkr";105900;;;
6;"SBrkr";140000;;;
6;"SBrkr";177500;;;
6;"SBrkr";173000;;;
5;"SBrkr";134000;;;
5;"FuseF";130000;;;
8;"SBrkr";280000;;;
6;"SBrkr";156000;;;
5;"SBrkr";145000;;;
7;"SBrkr";198500;;;
6;"SBrkr";118000;;;
6;"SBrkr";190000;;;
5;"FuseA";147000;;;
6;"SBrkr";159000;;;
6;"SBrkr";165000;;;
5;"SBrkr";132000;;;
5;"SBrkr";162000;;;
6;"SBrkr";172400;;;
4;"SBrkr";134432;;;
6;"SBrkr";125000;;;
5;"SBrkr";123000;;;
7;"SBrkr";219500;;;
1;"FuseA";61000;;;
5;"SBrkr";148000;;;
8;"SBrkr";340000;;;
9;"SBrkr";394432;;;
6;"SBrkr";179000;;;
5;"SBrkr";127000;;;
7;"SBrkr";187750;;;
7;"SBrkr";213500;;;
6;"FuseA";76000;;;
6;"SBrkr";240000;;;
8;"SBrkr";192000;;;
5;"SBrkr";81000;;;
6;"SBrkr";125000;;;
7;"SBrkr";191000;;;
10;"SBrkr";426000;;;
5;"SBrkr";119000;;;
6;"SBrkr";215000;;;
5;"SBrkr";106500;;;
4;"FuseA";100000;;;
5;"FuseA";109000;;;
5;"SBrkr";129000;;;
5;"SBrkr";123000;;;
5;"SBrkr";169500;;;
5;"Mix";67000;;;
7;"SBrkr";241000;;;
8;"SBrkr";245500;;;
7;"SBrkr";164990;;;
5;"SBrkr";108000;;;
8;"SBrkr";258000;;;
6;"SBrkr";168000;;;
4;"SBrkr";150000;;;
6;"FuseA";115000;;;
6;"SBrkr";177000;;;
7;"SBrkr";280000;;;
8;"SBrkr";339750;;;
5;"FuseA";60000;;;
5;"SBrkr";145000;;;
7;"SBrkr";222000;;;
5;"FuseA";115000;;;
7;"SBrkr";228000;;;
7;"SBrkr";181134;;;
6;"SBrkr";149500;;;
6;"FuseA";239000;;;
5;"FuseF";126000;;;
5;"SBrkr";142000;;;
7;"SBrkr";206300;;;
6;"SBrkr";215000;;;
5;"FuseA";113000;;;
8;"SBrkr";315000;;;
6;"FuseA";139000;;;
7;"SBrkr";135000;;;
7;"SBrkr";275000;;;
4;"SBrkr";109008;;;
7;"SBrkr";195400;;;
6;"SBrkr";175000;;;
6;"SBrkr";85400;;;
6;"SBrkr";79900;;;
5;"SBrkr";122500;;;
6;"SBrkr";181000;;;
4;"SBrkr";81000;;;
7;"SBrkr";212000;;;
6;"FuseA";116000;;;
6;"SBrkr";119000;;;
5;"SBrkr";90350;;;
6;"SBrkr";110000;;;
10;"SBrkr";555000;;;
4;"FuseF";118000;;;
5;"SBrkr";162900;;;
7;"SBrkr";172500;;;
7;"SBrkr";210000;;;
6;"SBrkr";127500;;;
6;"SBrkr";190000;;;
7;"SBrkr";199900;;;
6;"SBrkr";119500;;;
3;"SBrkr";120000;;;
6;"FuseA";110000;;;
7;"SBrkr";280000;;;
6;"SBrkr";204000;;;
8;"SBrkr";210000;;;
5;"SBrkr";188000;;;
7;"SBrkr";175500;;;
5;"SBrkr";98000;;;
4;"SBrkr";256000;;;
8;"SBrkr";161000;;;
5;"SBrkr";110000;;;
8;"SBrkr";263435;;;
7;"SBrkr";155000;;;
5;"SBrkr";62383;;;
6;"FuseA";188700;;;
5;"SBrkr";124000;;;
7;"SBrkr";178740;;;
7;"SBrkr";167000;;;
5;"SBrkr";146500;;;
8;"SBrkr";250000;;;
6;"SBrkr";187000;;;
8;"SBrkr";212000;;;
7;"SBrkr";190000;;;
6;"SBrkr";148000;;;
8;"SBrkr";440000;;;
8;"SBrkr";251000;;;
5;"SBrkr";132500;;;
6;"SBrkr";208900;;;
9;"SBrkr";380000;;;
8;"SBrkr";297000;;;
4;"SBrkr";89471;;;
9;"SBrkr";326000;;;
9;"SBrkr";374000;;;
7;"SBrkr";155000;;;
6;"SBrkr";164000;;;
5;"SBrkr";132500;;;
5;"SBrkr";147000;;;
5;"SBrkr";156000;;;
5;"SBrkr";175000;;;
5;"FuseA";160000;;;
4;"SBrkr";86000;;;
5;"SBrkr";115000;;;
6;"FuseA";133000;;;
6;"SBrkr";172785;;;
5;"FuseA";155000;;;
5;"FuseA";91300;;;
4;"FuseA";34900;;;
8;"SBrkr";430000;;;
7;"SBrkr";184000;;;
5;"SBrkr";130000;;;
5;"SBrkr";120000;;;
6;"SBrkr";113000;;;
7;"SBrkr";226700;;;
5;"SBrkr";140000;;;
7;"SBrkr";289000;;;
6;"SBrkr";147000;;;
5;"SBrkr";124500;;;
8;"SBrkr";215000;;;
6;"SBrkr";208300;;;
7;"SBrkr";161000;;;
5;"SBrkr";124500;;;
5;"SBrkr";164900;;;
7;"SBrkr";202665;;;
5;"SBrkr";129900;;;
6;"SBrkr";134000;;;
5;"SBrkr";96500;;;
10;"SBrkr";402861;;;
6;"SBrkr";158000;;;
7;"SBrkr";265000;;;
6;"SBrkr";211000;;;
7;"SBrkr";234000;;;
4;"FuseA";106250;;;
6;"FuseA";150000;;;
6;"SBrkr";159000;;;
10;"SBrkr";184750;;;
7;"SBrkr";315750;;;
7;"SBrkr";176000;;;
5;"SBrkr";132000;;;
9;"SBrkr";446261;;;
4;"SBrkr";86000;;;
6;"SBrkr";200624;;;
6;"SBrkr";175000;;;
6;"SBrkr";128000;;;
5;"SBrkr";107500;;;
1;"FuseF";39300;;;
8;"SBrkr";178000;;;
5;"SBrkr";107500;;;
7;"SBrkr";188000;;;
4;"SBrkr";111250;;;
5;"SBrkr";158000;;;
8;"SBrkr";272000;;;
9;"SBrkr";315000;;;
8;"SBrkr";248000;;;
7;"SBrkr";213250;;;
7;"SBrkr";133000;;;
7;"SBrkr";179665;;;
7;"SBrkr";229000;;;
6;"FuseA";210000;;;
5;"SBrkr";129500;;;
5;"SBrkr";125000;;;
7;"SBrkr";263000;;;
6;"SBrkr";140000;;;
5;"FuseA";112500;;;
8;"SBrkr";255500;;;
4;"SBrkr";108000;;;
7;"SBrkr";284000;;;
5;"FuseA";113000;;;
5;"FuseA";141000;;;
4;"SBrkr";108000;;;
7;"SBrkr";175000;;;
7;"SBrkr";234000;;;
5;"SBrkr";121500;;;
5;"SBrkr";170000;;;
5;"SBrkr";108000;;;
6;"SBrkr";185000;;;
7;"SBrkr";268000;;;
6;"FuseF";128000;;;
9;"SBrkr";325000;;;
7;"SBrkr";214000;;;
8;"SBrkr";316600;;;
5;"SBrkr";135960;;;
5;"SBrkr";142600;;;
6;"SBrkr";120000;;;
7;"SBrkr";224500;;;
7;"SBrkr";170000;;;
5;"SBrkr";139000;;;
5;"SBrkr";118500;;;
7;"SBrkr";145000;;;
5;"SBrkr";164500;;;
7;"SBrkr";146000;;;
5;"FuseF";131500;;;
6;"SBrkr";181900;;;
8;"SBrkr";253293;;;
6;"SBrkr";118500;;;
10;"SBrkr";325000;;;
4;"SBrkr";133000;;;
8;"SBrkr";369900;;;
6;"SBrkr";130000;;;
5;"SBrkr";137000;;;
5;"SBrkr";143000;;;
5;"FuseA";79500;;;
7;"SBrkr";185900;;;
10;"SBrkr";451950;;;
5;"SBrkr";138000;;;
6;"SBrkr";140000;;;
5;"SBrkr";110000;;;
8;"SBrkr";319000;;;
6;"FuseA";114504;;;
7;"SBrkr";194201;;;
5;"SBrkr";217500;;;
6;"SBrkr";151000;;;
8;"SBrkr";275000;;;
6;"SBrkr";141000;;;
8;"SBrkr";220000;;;
7;"SBrkr";151000;;;
7;"SBrkr";221000;;;
7;"SBrkr";205000;;;
5;"SBrkr";152000;;;
5;"SBrkr";225000;;;
8;"SBrkr";359100;;;
4;"SBrkr";118500;;;
9;"SBrkr";313000;;;
6;"SBrkr";148000;;;
8;"SBrkr";261500;;;
5;"SBrkr";147000;;;
4;"SBrkr";75500;;;
6;"SBrkr";137500;;;
6;"SBrkr";183200;;;
6;"SBrkr";105500;;;
9;"SBrkr";314813;;;
8;"SBrkr";305000;;;
3;"FuseF";67000;;;
6;"SBrkr";240000;;;
5;"SBrkr";135000;;;
6;"SBrkr";168500;;;
6;"SBrkr";165150;;;
6;"SBrkr";160000;;;
5;"SBrkr";139900;;;
6;"SBrkr";153000;;;
5;"SBrkr";135000;;;
6;"SBrkr";168500;;;
5;"FuseA";124000;;;
8;"SBrkr";209500;;;
7;"SBrkr";82500;;;
5;"SBrkr";139400;;;
6;"SBrkr";144000;;;
6;"FuseA";200000;;;
2;"FuseA";60000;;;
5;"FuseA";93000;;;
5;"FuseA";85000;;;
8;"SBrkr";264561;;;
8;"SBrkr";274000;;;
7;"SBrkr";226000;;;
8;"SBrkr";345000;;;
5;"SBrkr";152000;;;
9;"SBrkr";370878;;;
6;"SBrkr";143250;;;
5;"SBrkr";98300;;;
6;"SBrkr";155000;;;
6;"SBrkr";155000;;;
4;"SBrkr";84500;;;
7;"SBrkr";205950;;;
4;"SBrkr";108000;;;
7;"SBrkr";191000;;;
6;"SBrkr";135000;;;
8;"SBrkr";350000;;;
6;"SBrkr";88000;;;
5;"SBrkr";145500;;;
7;"SBrkr";149000;;;
6;"SBrkr";97500;;;
5;"SBrkr";167000;;;
7;"SBrkr";197900;;;
8;"SBrkr";402000;;;
6;"SBrkr";110000;;;
4;"SBrkr";137500;;;
8;"SBrkr";423000;;;
8;"SBrkr";230500;;;
6;"SBrkr";129000;;;
6;"SBrkr";193500;;;
5;"SBrkr";168000;;;
4;"SBrkr";137500;;;
6;"SBrkr";173500;;;
6;"SBrkr";103600;;;
6;"SBrkr";165000;;;
6;"SBrkr";257500;;;
6;"SBrkr";140000;;;
6;"SBrkr";148500;;;
4;"SBrkr";87000;;;
5;"SBrkr";109500;;;
8;"SBrkr";372500;;;
5;"SBrkr";128500;;;
6;"SBrkr";143000;;;
5;"SBrkr";159434;;;
6;"SBrkr";173000;;;
9;"SBrkr";285000;;;
7;"SBrkr";221000;;;
7;"SBrkr";207500;;;
7;"SBrkr";227875;;;
7;"SBrkr";148800;;;
8;"SBrkr";392000;;;
6;"SBrkr";194700;;;
6;"SBrkr";141000;;;
10;"SBrkr";755000;;;
7;"SBrkr";335000;;;
5;"SBrkr";108480;;;
5;"SBrkr";141500;;;
6;"SBrkr";176000;;;
5;"SBrkr";89000;;;
5;"FuseA";123500;;;
5;"SBrkr";138500;;;
7;"SBrkr";196000;;;
8;"SBrkr";312500;;;
7;"SBrkr";140000;;;
8;"SBrkr";361919;;;
5;"SBrkr";140000;;;
7;"SBrkr";213000;;;
4;"SBrkr";55000;;;
7;"SBrkr";302000;;;
8;"SBrkr";254000;;;
7;"SBrkr";179540;;;
5;"SBrkr";109900;;;
3;"SBrkr";52000;;;
4;"SBrkr";102776;;;
8;"SBrkr";189000;;;
4;"SBrkr";129000;;;
6;"SBrkr";130500;;;
6;"SBrkr";165000;;;
7;"SBrkr";159500;;;
5;"SBrkr";157000;;;
7;"SBrkr";341000;;;
5;"SBrkr";128500;;;
8;"SBrkr";275000;;;
6;"SBrkr";143000;;;
4;"SBrkr";124500;;;
4;"SBrkr";135000;;;
9;"SBrkr";320000;;;
4;"SBrkr";120500;;;
6;"SBrkr";222000;;;
7;"SBrkr";194500;;;
5;"SBrkr";110000;;;
4;"FuseA";103000;;;
8;"SBrkr";236500;;;
7;"SBrkr";187500;;;
7;"SBrkr";222500;;;
5;"SBrkr";131400;;;
5;"SBrkr";108000;;;
7;"SBrkr";163000;;;
3;"FuseF";93500;;;
8;"SBrkr";239900;;;
5;"SBrkr";179000;;;
7;"SBrkr";190000;;;
5;"SBrkr";132000;;;
6;"SBrkr";142000;;;
7;"SBrkr";179000;;;
5;"SBrkr";175000;;;
8;"SBrkr";180000;;;
8;"SBrkr";299800;;;
7;"SBrkr";236000;;;
7;"SBrkr";265979;;;
7;"SBrkr";260400;;;
4;"FuseF";98000;;;
4;"SBrkr";96500;;;
7;"SBrkr";162000;;;
6;"SBrkr";217000;;;
8;"SBrkr";275500;;;
6;"SBrkr";156000;;;
6;"SBrkr";172500;;;
8;"SBrkr";212000;;;
6;"SBrkr";158900;;;
7;"SBrkr";179400;;;
8;"SBrkr";290000;;;
6;"SBrkr";127500;;;
5;"SBrkr";100000;;;
7;"SBrkr";215200;;;
8;"SBrkr";337000;;;
8;"SBrkr";270000;;;
9;"SBrkr";264132;;;
7;"SBrkr";196500;;;
6;"SBrkr";160000;;;
7;"SBrkr";216837;;;
8;"SBrkr";538000;;;
5;"SBrkr";134900;;;
4;"FuseF";102000;;;
6;"SBrkr";107000;;;
5;"FuseA";114500;;;
8;"SBrkr";395000;;;
6;"SBrkr";162000;;;
7;"SBrkr";221500;;;
5;"SBrkr";142500;;;
5;"SBrkr";144000;;;
6;"SBrkr";135000;;;
7;"SBrkr";176000;;;
6;"SBrkr";175900;;;
7;"SBrkr";187100;;;
5;"SBrkr";165500;;;
6;"SBrkr";128000;;;
6;"SBrkr";161500;;;
5;"SBrkr";139000;;;
7;"SBrkr";233000;;;
4;"SBrkr";107900;;;
6;"SBrkr";187500;;;
7;"SBrkr";160200;;;
6;"SBrkr";146800;;;
7;"SBrkr";269790;;;
8;"SBrkr";225000;;;
7;"SBrkr";194500;;;
6;"SBrkr";171000;;;
6;"SBrkr";143500;;;
5;"SBrkr";110000;;;
9;"SBrkr";485000;;;
5;"SBrkr";175000;;;
6;"SBrkr";200000;;;
4;"FuseA";109900;;;
7;"SBrkr";189000;;;
9;"SBrkr";582933;;;
5;"SBrkr";118000;;;
7;"SBrkr";227680;;;
5;"SBrkr";135500;;;
5;"SBrkr";223500;;;
5;"SBrkr";159950;;;
5;"FuseA";106000;;;
6;"SBrkr";181000;;;
6;"SBrkr";144500;;;
5;"FuseA";55993;;;
6;"SBrkr";157900;;;
5;"SBrkr";116000;;;
7;"SBrkr";224900;;;
5;"SBrkr";137000;;;
8;"SBrkr";271000;;;
6;"SBrkr";155000;;;
7;"SBrkr";224000;;;
7;"SBrkr";183000;;;
4;"SBrkr";93000;;;
7;"SBrkr";225000;;;
6;"SBrkr";139500;;;
8;"SBrkr";232600;;;
10;"SBrkr";385000;;;
5;"SBrkr";109500;;;
7;"SBrkr";189000;;;
5;"SBrkr";185000;;;
7;"SBrkr";147400;;;
6;"FuseA";166000;;;
7;"SBrkr";151000;;;
7;"SBrkr";237000;;;
6;"SBrkr";167000;;;
5;"SBrkr";139950;;;
4;"SBrkr";128000;;;
5;"SBrkr";153500;;;
6;"SBrkr";100000;;;
5;"SBrkr";144000;;;
5;"SBrkr";130500;;;
6;"SBrkr";140000;;;
5;"SBrkr";157500;;;
6;"SBrkr";174900;;;
5;"SBrkr";141000;;;
5;"SBrkr";153900;;;
5;"SBrkr";171000;;;
7;"SBrkr";213000;;;
5;"SBrkr";133500;;;
6;"SBrkr";240000;;;
6;"SBrkr";187000;;;
6;"SBrkr";131500;;;
8;"SBrkr";215000;;;
7;"SBrkr";164000;;;
6;"SBrkr";158000;;;
5;"SBrkr";170000;;;
5;"SBrkr";127000;;;
6;"SBrkr";147000;;;
6;"SBrkr";174000;;;
7;"SBrkr";152000;;;
6;"SBrkr";250000;;;
7;"SBrkr";189950;;;
5;"SBrkr";131500;;;
6;"SBrkr";152000;;;
5;"SBrkr";132500;;;
7;"SBrkr";250580;;;
5;"SBrkr";148500;;;
8;"SBrkr";248900;;;
4;"SBrkr";129000;;;
5;"SBrkr";169000;;;
7;"SBrkr";236000;;;
5;"SBrkr";109500;;;
6;"SBrkr";200500;;;
5;"SBrkr";116000;;;
5;"SBrkr";133000;;;
5;"SBrkr";66500;;;
8;"SBrkr";303477;;;
4;"SBrkr";132250;;;
9;"SBrkr";350000;;;
5;"SBrkr";148000;;;
5;"SBrkr";136500;;;
5;"SBrkr";157000;;;
7;"SBrkr";187500;;;
6;"SBrkr";178000;;;
4;"SBrkr";118500;;;
5;"SBrkr";100000;;;
9;"SBrkr";328900;;;
5;"SBrkr";145000;;;
5;"SBrkr";135500;;;
8;"SBrkr";268000;;;
6;"SBrkr";149500;;;
5;"SBrkr";122900;;;
6;"SBrkr";172500;;;
6;"SBrkr";154500;;;
5;"SBrkr";165000;;;
5;"SBrkr";118858;;;
6;"SBrkr";140000;;;
4;"SBrkr";106500;;;
5;"SBrkr";142953;;;
9;"SBrkr";611657;;;
5;"SBrkr";135000;;;
4;"SBrkr";110000;;;
5;"SBrkr";153000;;;
7;"SBrkr";180000;;;
7;"SBrkr";240000;;;
5;"SBrkr";125500;;;
5;"SBrkr";128000;;;
8;"SBrkr";255000;;;
7;"SBrkr";250000;;;
5;"SBrkr";131000;;;
6;"SBrkr";174000;;;
5;"FuseA";154300;;;
5;"SBrkr";143500;;;
5;"SBrkr";88000;;;
5;"FuseA";145000;;;
6;"SBrkr";173733;;;
4;"SBrkr";75000;;;
2;"FuseA";35311;;;
4;"FuseA";135000;;;
7;"SBrkr";238000;;;
6;"SBrkr";176500;;;
6;"SBrkr";201000;;;
5;"SBrkr";145900;;;
6;"SBrkr";169990;;;
6;"SBrkr";193000;;;
6;"SBrkr";207500;;;
5;"SBrkr";175000;;;
8;"SBrkr";285000;;;
7;"SBrkr";176000;;;
8;"SBrkr";236500;;;
7;"SBrkr";222000;;;
8;"SBrkr";201000;;;
5;"SBrkr";117500;;;
9;"SBrkr";320000;;;
7;"SBrkr";190000;;;
7;"SBrkr";242000;;;
4;"SBrkr";79900;;;
7;"SBrkr";184900;;;
7;"SBrkr";253000;;;
7;"SBrkr";239799;;;
7;"SBrkr";244400;;;
6;"SBrkr";150900;;;
7;"SBrkr";214000;;;
4;"SBrkr";150000;;;
5;"SBrkr";143000;;;
6;"FuseA";137500;;;
5;"SBrkr";124900;;;
5;"SBrkr";143000;;;
8;"SBrkr";270000;;;
7;"SBrkr";192500;;;
6;"SBrkr";197500;;;
5;"SBrkr";129000;;;
5;"SBrkr";119900;;;
5;"SBrkr";133900;;;
5;"SBrkr";172000;;;
6;"SBrkr";127500;;;
6;"FuseF";145000;;;
6;"SBrkr";124000;;;
5;"SBrkr";132000;;;
7;"SBrkr";185000;;;
7;"SBrkr";155000;;;
5;"SBrkr";116500;;;
6;"SBrkr";272000;;;
6;"SBrkr";155000;;;
9;"SBrkr";239000;;;
7;"SBrkr";214900;;;
6;"SBrkr";178900;;;
5;"SBrkr";160000;;;
5;"SBrkr";135000;;;
3;"SBrkr";37900;;;
6;"SBrkr";140000;;;
4;"FuseA";135000;;;
7;"SBrkr";173000;;;
6;"SBrkr";99500;;;
7;"SBrkr";182000;;;
7;"SBrkr";167500;;;
7;"SBrkr";165000;;;
4;"FuseA";85500;;;
7;"SBrkr";199900;;;
4;"SBrkr";110000;;;
5;"SBrkr";139000;;;
7;"SBrkr";178400;;;
8;"SBrkr";336000;;;
7;"SBrkr";159895;;;
8;"SBrkr";255900;;;
5;"SBrkr";126000;;;
5;"SBrkr";125000;;;
6;"SBrkr";117000;;;
9;"SBrkr";395192;;;
6;"SBrkr";195000;;;
7;"SBrkr";197000;;;
8;"SBrkr";348000;;;
8;"SBrkr";168000;;;
6;"SBrkr";187000;;;
6;"SBrkr";173900;;;
10;"SBrkr";337500;;;
4;"SBrkr";121600;;;
5;"SBrkr";136500;;;
6;"SBrkr";185000;;;
3;"SBrkr";91000;;;
7;"SBrkr";206000;;;
3;"FuseF";82000;;;
5;"FuseA";86000;;;
8;"SBrkr";232000;;;
5;"SBrkr";136905;;;
7;"SBrkr";181000;;;
5;"SBrkr";149900;;;
6;"SBrkr";163500;;;
4;"SBrkr";88000;;;
7;"SBrkr";240000;;;
5;"SBrkr";102000;;;
5;"SBrkr";135000;;;
5;"SBrkr";100000;;;
6;"SBrkr";165000;;;
5;"SBrkr";85000;;;
6;"SBrkr";119200;;;
8;"SBrkr";227000;;;
7;"SBrkr";203000;;;
8;"SBrkr";187500;;;
7;"SBrkr";160000;;;
7;"SBrkr";213490;;;
4;"SBrkr";176000;;;
7;"SBrkr";194000;;;
5;"FuseA";87000;;;
7;"SBrkr";191000;;;
8;"SBrkr";287000;;;
5;"SBrkr";112500;;;
5;"SBrkr";167500;;;
8;"SBrkr";293077;;;
5;"SBrkr";105000;;;
6;"SBrkr";118000;;;
5;"SBrkr";160000;;;
7;"SBrkr";197000;;;
8;"SBrkr";310000;;;
7;"SBrkr";230000;;;
5;"SBrkr";119750;;;
4;"SBrkr";84000;;;
9;"SBrkr";315500;;;
8;"SBrkr";287000;;;
4;"SBrkr";97000;;;
4;"SBrkr";80000;;;
5;"SBrkr";155000;;;
6;"SBrkr";173000;;;
6;"SBrkr";196000;;;
7;"SBrkr";262280;;;
8;"SBrkr";278000;;;
3;"FuseA";139600;;;
9;"SBrkr";556581;;;
5;"SBrkr";145000;;;
5;"SBrkr";115000;;;
4;"SBrkr";84900;;;
7;"SBrkr";176485;;;
7;"SBrkr";200141;;;
6;"SBrkr";165000;;;
5;"FuseA";144500;;;
8;"SBrkr";255000;;;
6;"SBrkr";180000;;;
7;"SBrkr";185850;;;
7;"SBrkr";248000;;;
9;"SBrkr";335000;;;
6;"SBrkr";220000;;;
8;"SBrkr";213500;;;
3;"SBrkr";81000;;;
5;"SBrkr";90000;;;
6;"SBrkr";110500;;;
5;"SBrkr";154000;;;
7;"SBrkr";328000;;;
6;"SBrkr";178000;;;
6;"SBrkr";167900;;;
6;"SBrkr";151400;;;
5;"SBrkr";135000;;;
5;"SBrkr";135000;;;
6;"SBrkr";154000;;;
5;"FuseA";91500;;;
6;"SBrkr";159500;;;
7;"SBrkr";194000;;;
7;"SBrkr";219500;;;
5;"SBrkr";170000;;;
5;"SBrkr";138800;;;
6;"SBrkr";155900;;;
5;"SBrkr";126000;;;
6;"SBrkr";145000;;;
5;"SBrkr";133000;;;
7;"SBrkr";192000;;;
6;"SBrkr";160000;;;
6;"SBrkr";187500;;;
6;"SBrkr";147000;;;
4;"SBrkr";83500;;;
8;"SBrkr";252000;;;
7;"SBrkr";137500;;;
8;"SBrkr";197000;;;
3;"FuseA";92900;;;
7;"SBrkr";160000;;;
6;"SBrkr";136500;;;
5;"SBrkr";146000;;;
5;"SBrkr";129000;;;
6;"SBrkr";176432;;;
6;"SBrkr";127000;;;
8;"SBrkr";170000;;;
4;"SBrkr";128000;;;
7;"SBrkr";157000;;;
2;"FuseF";60000;;;
5;"SBrkr";119500;;;
5;"SBrkr";135000;;;
6;"SBrkr";159500;;;
5;"SBrkr";106000;;;
8;"SBrkr";325000;;;
7;"SBrkr";179900;;;
7;"SBrkr";274725;;;
6;"SBrkr";181000;;;
8;"SBrkr";280000;;;
6;"SBrkr";188000;;;
7;"SBrkr";205000;;;
5;"FuseA";129900;;;
5;"SBrkr";134500;;;
5;"SBrkr";117000;;;
8;"SBrkr";318000;;;
8;"SBrkr";184100;;;
5;"SBrkr";130000;;;
5;"SBrkr";140000;;;
5;"FuseA";133700;;;
6;"FuseA";118400;;;
7;"SBrkr";212900;;;
4;"FuseA";112000;;;
5;"SBrkr";118000;;;
7;"SBrkr";163900;;;
4;"SBrkr";115000;;;
7;"SBrkr";174000;;;
7;"SBrkr";259000;;;
7;"SBrkr";215000;;;
5;"SBrkr";140000;;;
4;"SBrkr";135000;;;
5;"SBrkr";93500;;;
6;"SBrkr";117500;;;
8;"SBrkr";239500;;;
6;"SBrkr";169000;;;
6;"SBrkr";102000;;;
6;"FuseA";119000;;;
5;"SBrkr";94000;;;
6;"SBrkr";196000;;;
5;"SBrkr";144000;;;
5;"SBrkr";139000;;;
5;"SBrkr";197500;;;
8;"SBrkr";424870;;;
5;"SBrkr";80000;;;
4;"FuseA";80000;;;
5;"SBrkr";149000;;;
6;"SBrkr";180000;;;
7;"SBrkr";174500;;;
7;"SBrkr";116900;;;
7;"SBrkr";143000;;;
6;"FuseA";124000;;;
5;"SBrkr";149900;;;
6;"SBrkr";230000;;;
6;"SBrkr";120500;;;
7;"SBrkr";201800;;;
5;"SBrkr";218000;;;
5;"SBrkr";179900;;;
7;"SBrkr";230000;;;
8;"SBrkr";235128;;;
6;"SBrkr";185000;;;
6;"SBrkr";146000;;;
6;"SBrkr";224000;;;
5;"SBrkr";129000;;;
4;"SBrkr";108959;;;
5;"SBrkr";194000;;;
7;"SBrkr";233170;;;
8;"SBrkr";245350;;;
6;"SBrkr";173000;;;
6;"SBrkr";235000;;;
10;"SBrkr";625000;;;
6;"SBrkr";171000;;;
6;"SBrkr";163000;;;
7;"SBrkr";171900;;;
5;"SBrkr";200500;;;
6;"SBrkr";239000;;;
8;"SBrkr";285000;;;
5;"SBrkr";119500;;;
6;"SBrkr";115000;;;
5;"SBrkr";154900;;;
5;"SBrkr";93000;;;
7;"SBrkr";250000;;;
8;"SBrkr";392500;;;
10;"SBrkr";745000;;;
5;"SBrkr";120000;;;
5;"SBrkr";186700;;;
5;"SBrkr";104900;;;
3;"SBrkr";95000;;;
8;"SBrkr";262000;;;
7;"SBrkr";195000;;;
7;"SBrkr";189000;;;
4;"SBrkr";168000;;;
8;"SBrkr";174000;;;
5;"SBrkr";125000;;;
6;"SBrkr";165000;;;
6;"SBrkr";158000;;;
6;"SBrkr";176000;;;
7;"SBrkr";219210;;;
7;"SBrkr";144000;;;
7;"SBrkr";178000;;;
4;"SBrkr";148000;;;
4;"SBrkr";116050;;;
7;"SBrkr";197900;;;
5;"SBrkr";117000;;;
7;"SBrkr";213000;;;
5;"SBrkr";153500;;;
7;"SBrkr";271900;;;
4;"SBrkr";107000;;;
6;"SBrkr";200000;;;
5;"SBrkr";140000;;;
8;"SBrkr";290000;;;
6;"SBrkr";189000;;;
8;"SBrkr";164000;;;
4;"SBrkr";113000;;;
4;"SBrkr";145000;;;
5;"SBrkr";134500;;;
5;"SBrkr";125000;;;
6;"SBrkr";112000;;;
8;"SBrkr";229456;;;
4;"SBrkr";80500;;;
6;"SBrkr";91500;;;
5;"SBrkr";115000;;;
5;"SBrkr";134000;;;
6;"SBrkr";143000;;;
5;"FuseA";137900;;;
7;"SBrkr";184000;;;
6;"SBrkr";145000;;;
6;"SBrkr";214000;;;
5;"SBrkr";147000;;;
9;"SBrkr";367294;;;
5;"SBrkr";127000;;;
5;"SBrkr";190000;;;
5;"SBrkr";132500;;;
4;"SBrkr";101800;;;
5;"SBrkr";142000;;;
5;"FuseA";130000;;;
5;"FuseF";138887;;;
7;"SBrkr";175500;;;
7;"SBrkr";195000;;;
6;"SBrkr";142500;;;
8;"SBrkr";265900;;;
7;"SBrkr";224900;;;
7;"SBrkr";248328;;;
7;"SBrkr";170000;;;
10;"SBrkr";465000;;;
8;"SBrkr";230000;;;
6;"SBrkr";178000;;;
7;"SBrkr";186500;;;
6;"SBrkr";169900;;;
6;"SBrkr";129500;;;
5;"SBrkr";119000;;;
7;"SBrkr";244000;;;
7;"SBrkr";171750;;;
5;"SBrkr";130000;;;
7;"SBrkr";294000;;;
7;"SBrkr";165400;;;
6;"FuseA";127500;;;
8;"SBrkr";301500;;;
5;"SBrkr";99900;;;
7;"SBrkr";190000;;;
6;"SBrkr";151000;;;
6;"SBrkr";181000;;;
5;"SBrkr";128900;;;
4;"FuseA";161500;;;
6;"FuseA";180500;;;
6;"SBrkr";181000;;;
7;"SBrkr";183900;;;
7;"FuseF";122000;;;
9;"SBrkr";378500;;;
8;"SBrkr";381000;;;
5;"FuseA";144000;;;
7;"SBrkr";260000;;;
6;"SBrkr";185750;;;
5;"SBrkr";137000;;;
6;"SBrkr";177000;;;
5;"SBrkr";139000;;;
5;"FuseA";137000;;;
6;"SBrkr";162000;;;
6;"SBrkr";197900;;;
8;"SBrkr";237000;;;
4;"FuseA";68400;;;
7;"SBrkr";227000;;;
7;"SBrkr";180000;;;
5;"SBrkr";150500;;;
6;"SBrkr";139000;;;
6;"SBrkr";169000;;;
6;"FuseF";132500;;;
6;"SBrkr";143000;;;
5;"SBrkr";190000;;;
8;"SBrkr";278000;;;
8;"SBrkr";281000;;;
5;"SBrkr";180500;;;
5;"SBrkr";119500;;;
5;"SBrkr";107500;;;
7;"SBrkr";162900;;;
5;"SBrkr";115000;;;
5;"SBrkr";138500;;;
5;"SBrkr";155000;;;
6;"SBrkr";140000;;;
10;"SBrkr";160000;;;
5;"SBrkr";154000;;;
7;"SBrkr";225000;;;
6;"SBrkr";177500;;;
8;"SBrkr";290000;;;
7;"SBrkr";232000;;;
7;"SBrkr";130000;;;
9;"SBrkr";325000;;;
7;"SBrkr";202500;;;
5;"SBrkr";138000;;;
5;"SBrkr";147000;;;
6;"SBrkr";179200;;;
7;"SBrkr";335000;;;
7;"SBrkr";203000;;;
8;"SBrkr";302000;;;
9;"SBrkr";333168;;;
4;"SBrkr";119000;;;
6;"SBrkr";206900;;;
8;"SBrkr";295493;;;
7;"SBrkr";208900;;;
8;"SBrkr";275000;;;
4;"SBrkr";111000;;;
6;"SBrkr";156500;;;
3;"SBrkr";72500;;;
7;"SBrkr";190000;;;
4;"SBrkr";82500;;;
8;"SBrkr";147000;;;
4;"SBrkr";55000;;;
3;"SBrkr";79000;;;
5;"SBrkr";130500;;;
6;"SBrkr";256000;;;
7;"SBrkr";176500;;;
8;"SBrkr";227000;;;
5;"SBrkr";132500;;;
4;"SBrkr";100000;;;
5;"SBrkr";125500;;;
5;"SBrkr";125000;;;
6;"SBrkr";167900;;;
5;"SBrkr";135000;;;
4;"FuseA";52500;;;
7;"SBrkr";200000;;;
5;"SBrkr";128500;;;
4;"SBrkr";123000;;;
6;"SBrkr";155000;;;
8;"SBrkr";228500;;;
6;"SBrkr";177000;;;
7;"SBrkr";155835;;;
4;"FuseA";108500;;;
7;"SBrkr";262500;;;
8;"SBrkr";283463;;;
7;"SBrkr";215000;;;
8;"SBrkr";122000;;;
5;"SBrkr";200000;;;
6;"SBrkr";171000;;;
6;"SBrkr";134900;;;
8;"SBrkr";410000;;;
7;"SBrkr";235000;;;
7;"SBrkr";170000;;;
5;"SBrkr";110000;;;
5;"SBrkr";149900;;;
6;"SBrkr";177500;;;
9;"SBrkr";315000;;;
5;"SBrkr";189000;;;
7;"SBrkr";260000;;;
4;"SBrkr";104900;;;
6;"SBrkr";156932;;;
7;"SBrkr";144152;;;
7;"SBrkr";216000;;;
7;"SBrkr";193000;;;
5;"SBrkr";127000;;;
6;"SBrkr";144000;;;
8;"SBrkr";232000;;;
4;"SBrkr";105000;;;
6;"SBrkr";165500;;;
7;"SBrkr";274300;;;
10;"SBrkr";466500;;;
7;"SBrkr";250000;;;
8;"SBrkr";239000;;;
6;"SBrkr";91000;;;
5;"SBrkr";117000;;;
6;"SBrkr";83000;;;
5;"NA";167500;;;
3;"FuseF";58500;;;
6;"SBrkr";237500;;;
7;"SBrkr";157000;;;
5;"SBrkr";112000;;;
6;"SBrkr";105000;;;
4;"SBrkr";125500;;;
7;"SBrkr";250000;;;
6;"SBrkr";136000;;;
9;"SBrkr";377500;;;
6;"SBrkr";131000;;;
7;"SBrkr";235000;;;
5;"SBrkr";124000;;;
5;"SBrkr";123000;;;
6;"SBrkr";163000;;;
7;"SBrkr";246578;;;
8;"SBrkr";281213;;;
5;"SBrkr";160000;;;
5;"SBrkr";137500;;;
5;"FuseA";138000;;;
6;"SBrkr";137450;;;
6;"SBrkr";120000;;;
6;"SBrkr";193000;;;
7;"SBrkr";193879;;;
8;"SBrkr";282922;;;
3;"SBrkr";105000;;;
8;"SBrkr";275000;;;
5;"SBrkr";133000;;;
5;"SBrkr";112000;;;
4;"SBrkr";125500;;;
7;"SBrkr";215000;;;
7;"SBrkr";230000;;;
6;"SBrkr";140000;;;
4;"FuseF";90000;;;
8;"SBrkr";257000;;;
6;"SBrkr";207000;;;
7;"SBrkr";175900;;;
4;"SBrkr";122500;;;
8;"SBrkr";340000;;;
5;"SBrkr";124000;;;
6;"SBrkr";223000;;;
6;"SBrkr";179900;;;
6;"SBrkr";127500;;;
6;"SBrkr";136500;;;
6;"SBrkr";274970;;;
5;"SBrkr";144000;;;
6;"SBrkr";142000;;;
7;"SBrkr";271000;;;
5;"FuseA";140000;;;
5;"SBrkr";119000;;;
6;"SBrkr";182900;;;
5;"SBrkr";192140;;;
6;"SBrkr";143750;;;
4;"SBrkr";64500;;;
6;"SBrkr";186500;;;
5;"SBrkr";160000;;;
6;"SBrkr";174000;;;
4;"SBrkr";120500;;;
8;"SBrkr";394617;;;
6;"FuseA";149700;;;
7;"SBrkr";197000;;;
6;"SBrkr";191000;;;
6;"SBrkr";149300;;;
10;"SBrkr";310000;;;
6;"FuseF";121000;;;
7;"SBrkr";179600;;;
6;"SBrkr";129000;;;
5;"SBrkr";157900;;;
8;"SBrkr";240000;;;
4;"SBrkr";112000;;;
5;"SBrkr";92000;;;
5;"SBrkr";136000;;;
8;"SBrkr";287090;;;
5;"SBrkr";145000;;;
5;"SBrkr";84500;;;
7;"SBrkr";185000;;;
6;"SBrkr";175000;;;
6;"SBrkr";210000;;;
7;"SBrkr";266500;;;
5;"FuseA";142125;;;
5;"SBrkr";147500;;;
